Sample ID,Category,Serum B12 Concentration (pg/mL)
SAMPLE000,Vegan,504
SAMPLE001,Vegetarian,181
SAMPLE002,Meat Eater,602
SAMPLE003,Vegetarian,210
SAMPLE004,Vegetarian,61
SAMPLE005,Vegetarian,277
SAMPLE006,Vegetarian,0
SAMPLE007,Vegetarian,301
SAMPLE008,Vegan,395
SAMPLE009,Meat Eater,645
SAMPLE010,Vegan,376
SAMPLE011,Vegetarian,139
SAMPLE012,Meat Eater,477
SAMPLE013,Meat Eater,618
SAMPLE014,Meat Eater,357
SAMPLE015,Vegan,227
SAMPLE016,Vegan,454
SAMPLE017,Meat Eater,789
SAMPLE018,Meat Eater,520
SAMPLE019,Vegetarian,20
SAMPLE020,Vegan,215
SAMPLE021,Meat Eater,639
SAMPLE022,Vegan,149
SAMPLE023,Vegan,68
SAMPLE024,Meat Eater,415
SAMPLE025,Vegan,69
SAMPLE026,Vegetarian,411
SAMPLE027,Meat Eater,584
SAMPLE028,Vegetarian,181
SAMPLE029,Vegetarian,178
SAMPLE030,Meat Eater,394
SAMPLE031,Vegetarian,195
SAMPLE032,Vegetarian,0
SAMPLE033,Meat Eater,457
SAMPLE034,Vegetarian,257
SAMPLE035,Meat Eater,437
SAMPLE036,Vegetarian,592
SAMPLE037,Vegan,267
SAMPLE038,Vegan,312
SAMPLE039,Vegan,42
SAMPLE040,Vegan,213
SAMPLE041,Vegan,0
SAMPLE042,Vegan,591
SAMPLE043,Vegetarian,454
SAMPLE044,Vegan,185
SAMPLE045,Meat Eater,657
SAMPLE046,Vegan,0
SAMPLE047,Vegan,0
SAMPLE048,Meat Eater,573
SAMPLE049,Vegetarian,531
SAMPLE050,Meat Eater,602
SAMPLE051,Meat Eater,390
SAMPLE052,Vegan,306
SAMPLE053,Vegetarian,301
SAMPLE054,Vegetarian,454
SAMPLE055,Vegetarian,202
SAMPLE056,Meat Eater,213
SAMPLE057,Vegan,0
SAMPLE058,Vegetarian,252
SAMPLE059,Vegan,18
SAMPLE060,Vegetarian,237
SAMPLE061,Meat Eater,507
SAMPLE062,Meat Eater,402
SAMPLE063,Vegan,595
SAMPLE064,Vegan,348
SAMPLE065,Meat Eater,515
SAMPLE066,Meat Eater,254
SAMPLE067,Meat Eater,298
SAMPLE068,Meat Eater,740
SAMPLE069,Vegan,0
SAMPLE070,Vegetarian,394
SAMPLE071,Vegan,155
SAMPLE072,Meat Eater,499
SAMPLE073,Meat Eater,539
SAMPLE074,Vegetarian,384
SAMPLE075,Vegan,326
SAMPLE076,Vegan,461
SAMPLE077,Meat Eater,313
SAMPLE078,Vegetarian,415
SAMPLE079,Meat Eater,518
SAMPLE080,Meat Eater,558
SAMPLE081,Vegan,0
SAMPLE082,Vegan,500
SAMPLE083,Vegan,509
SAMPLE084,Vegan,0
SAMPLE085,Vegetarian,417
SAMPLE086,Vegan,219
SAMPLE087,Vegan,428
SAMPLE088,Vegetarian,363
SAMPLE089,Vegan,393
SAMPLE090,Vegan,341
SAMPLE091,Vegetarian,433
SAMPLE092,Meat Eater,664
SAMPLE093,Vegetarian,318
SAMPLE094,Vegan,110
SAMPLE095,Vegan,369
SAMPLE096,Vegetarian,262
SAMPLE097,Vegetarian,425
SAMPLE098,Meat Eater,759
SAMPLE099,Vegan,208
SAMPLE100,Meat Eater,696
SAMPLE101,Vegetarian,572
SAMPLE102,Vegan,120
SAMPLE103,Vegan,116
SAMPLE104,Vegan,9
SAMPLE105,Vegan,297
SAMPLE106,Vegetarian,302
SAMPLE107,Vegetarian,61
SAMPLE108,Meat Eater,635
SAMPLE109,Vegetarian,89
SAMPLE110,Meat Eater,613
SAMPLE111,Vegan,0
SAMPLE112,Vegetarian,40
SAMPLE113,Vegetarian,594
SAMPLE114,Meat Eater,682
SAMPLE115,Vegetarian,633
SAMPLE116,Vegan,306
SAMPLE117,Vegan,0
SAMPLE118,Meat Eater,609
SAMPLE119,Vegan,133
SAMPLE120,Vegetarian,278
SAMPLE121,Meat Eater,165
SAMPLE122,Meat Eater,634
SAMPLE123,Meat Eater,238
SAMPLE124,Vegan,0
SAMPLE125,Vegetarian,169
SAMPLE126,Vegan,216
SAMPLE127,Vegetarian,691
SAMPLE128,Meat Eater,622
SAMPLE129,Meat Eater,566
SAMPLE130,Vegetarian,309
SAMPLE131,Meat Eater,800
SAMPLE132,Vegetarian,217
SAMPLE133,Vegetarian,320
SAMPLE134,Vegan,246
SAMPLE135,Meat Eater,670
SAMPLE136,Vegetarian,473
SAMPLE137,Vegetarian,259
SAMPLE138,Vegan,368
SAMPLE139,Meat Eater,407
SAMPLE140,Vegan,0
SAMPLE141,Vegan,322
SAMPLE142,Vegan,86
SAMPLE143,Meat Eater,626
SAMPLE144,Meat Eater,321
SAMPLE145,Vegetarian,811
SAMPLE146,Meat Eater,700
SAMPLE147,Meat Eater,383
SAMPLE148,Meat Eater,742
SAMPLE149,Meat Eater,388
SAMPLE150,Vegetarian,291
SAMPLE151,Vegan,51
SAMPLE152,Vegetarian,106
SAMPLE153,Meat Eater,443
SAMPLE154,Vegan,168
SAMPLE155,Vegan,449
SAMPLE156,Meat Eater,207
SAMPLE157,Vegan,113
SAMPLE158,Vegetarian,564
SAMPLE159,Vegan,214
SAMPLE160,Vegan,117
SAMPLE161,Vegetarian,21
SAMPLE162,Meat Eater,396
SAMPLE163,Meat Eater,364
SAMPLE164,Vegetarian,165
SAMPLE165,Vegan,214
SAMPLE166,Vegetarian,358
SAMPLE167,Vegan,156
SAMPLE168,Meat Eater,344
SAMPLE169,Meat Eater,454
SAMPLE170,Meat Eater,765
SAMPLE171,Meat Eater,531
SAMPLE172,Vegan,65
SAMPLE173,Vegan,116
SAMPLE174,Vegan,124
SAMPLE175,Vegetarian,567
SAMPLE176,Vegetarian,219
SAMPLE177,Meat Eater,647
SAMPLE178,Meat Eater,511
SAMPLE179,Meat Eater,590
SAMPLE180,Vegan,104
SAMPLE181,Vegetarian,530
SAMPLE182,Meat Eater,450
SAMPLE183,Vegan,148
SAMPLE184,Vegan,433
SAMPLE185,Vegan,321
SAMPLE186,Vegetarian,197
SAMPLE187,Meat Eater,625
SAMPLE188,Vegetarian,499
SAMPLE189,Vegan,0
SAMPLE190,Meat Eater,224
SAMPLE191,Vegetarian,231
SAMPLE192,Meat Eater,550
SAMPLE193,Vegetarian,502
SAMPLE194,Vegan,123
SAMPLE195,Meat Eater,533
SAMPLE196,Vegan,696
SAMPLE197,Vegetarian,533
SAMPLE198,Vegan,504
SAMPLE199,Meat Eater,450
SAMPLE200,Vegan,511
SAMPLE201,Meat Eater,519
SAMPLE202,Meat Eater,696
SAMPLE203,Meat Eater,697
SAMPLE204,Vegetarian,126
SAMPLE205,Meat Eater,521
SAMPLE206,Vegetarian,133
SAMPLE207,Vegetarian,565
SAMPLE208,Meat Eater,180
SAMPLE209,Meat Eater,385
SAMPLE210,Meat Eater,489
SAMPLE211,Vegan,259
SAMPLE212,Vegetarian,156
SAMPLE213,Vegetarian,630
SAMPLE214,Meat Eater,374
SAMPLE215,Vegan,105
SAMPLE216,Meat Eater,564
SAMPLE217,Meat Eater,476
SAMPLE218,Meat Eater,632
SAMPLE219,Vegetarian,296
SAMPLE220,Vegan,220
SAMPLE221,Meat Eater,539
SAMPLE222,Vegan,276
SAMPLE223,Meat Eater,758
SAMPLE224,Vegan,0
SAMPLE225,Vegan,299
SAMPLE226,Meat Eater,339
SAMPLE227,Vegetarian,206
SAMPLE228,Vegetarian,219
SAMPLE229,Vegetarian,582
SAMPLE230,Vegan,382
SAMPLE231,Meat Eater,440
SAMPLE232,Meat Eater,332
SAMPLE233,Vegetarian,258
SAMPLE234,Vegetarian,444
SAMPLE235,Meat Eater,376
SAMPLE236,Vegan,22
SAMPLE237,Vegetarian,699
SAMPLE238,Meat Eater,428
SAMPLE239,Vegetarian,416
SAMPLE240,Vegan,174
SAMPLE241,Vegetarian,309
SAMPLE242,Meat Eater,487
SAMPLE243,Vegan,620
SAMPLE244,Vegan,111
SAMPLE245,Vegan,126
SAMPLE246,Vegan,345
SAMPLE247,Meat Eater,483
SAMPLE248,Vegan,260
SAMPLE249,Vegetarian,373
