Matrix,Concentration (Units),Replicate,Absorbance
Blood,0,1,0.055
Blood,0,2,0.0486
Blood,0,3,0.0565
Blood,5,1,0.1402
Blood,5,2,0.1227
Blood,5,3,0.1227
Blood,10,1,0.2158
Blood,10,2,0.2077
Blood,10,3,0.1953
Blood,20,1,0.3554
Blood,20,2,0.3454
Blood,20,3,0.3453
Blood,30,1,0.5024
Blood,30,2,0.4809
Blood,30,3,0.4828
Blood,40,1,0.6444
Blood,40,2,0.6399
Blood,40,3,0.6531
Blood,50,1,0.7909
Blood,50,2,0.7859
Blood,50,3,0.8147
Blood,60,1,0.9477
Blood,60,2,0.9507
Blood,60,3,0.9358
Urine,0,1,0.0746
Urine,0,2,0.0811
Urine,0,3,0.0685
Urine,5,1,0.1338
Urine,5,2,0.124
Urine,5,3,0.1271
Urine,10,1,0.174
Urine,10,2,0.1985
Urine,10,3,0.1799
Urine,20,1,0.2694
Urine,20,2,0.2882
Urine,20,3,0.2678
Urine,30,1,0.3821
Urine,30,2,0.3604
Urine,30,3,0.3667
Urine,40,1,0.482
Urine,40,2,0.4874
Urine,40,3,0.4817
Urine,50,1,0.5788
Urine,50,2,0.577
Urine,50,3,0.5652
Urine,60,1,0.6728
Urine,60,2,0.6754
Urine,60,3,0.6906
Lymph,0,1,0.0334
Lymph,0,2,0.0124
Lymph,0,3,0.0332
Lymph,5,1,0.1261
Lymph,5,2,0.1232
Lymph,5,3,0.1361
Lymph,10,1,0.2403
Lymph,10,2,0.2393
Lymph,10,3,0.2216
Lymph,20,1,0.4269
Lymph,20,2,0.4333
Lymph,20,3,0.4398
Lymph,30,1,0.6252
Lymph,30,2,0.6281
Lymph,30,3,0.6189
Lymph,40,1,0.818
Lymph,40,2,0.8381
Lymph,40,3,0.8436
Lymph,50,1,1.0293
Lymph,50,2,1.04
Lymph,50,3,1.0336
Lymph,60,1,1.2235
Lymph,60,2,1.2336
Lymph,60,3,1.2454
