Pie Name,Category,Sugar Content (g/100g)
Rich Sour Apple Pie,Coconut Cream Pie,18
Summer Maple Pecan Pie,Sweet Potato Pie,14
Country Tropical Chocolate Lime Pie,Lemon Meringue Pie,18
Creamy Milk Custard Chocolate Pie,Cherry Pie,18
Summer Zesty Banana Pie,Apple Pie,22
Classic Milk Meringue Chocolate Pie,Coconut Cream Pie,20
Rustic Tropical Cherry Pie,Chocolate Cream Pie,16
Double Harvest Sweet Potato Pie,Key Lime Pie,28
Double Toasted Meringue Lime Pie,Lemon Meringue Pie,21
Classic Zesty Rhubarb Pie,Lemon Meringue Pie,20
Rich Harvest Sweet Potato Pie,Cherry Pie,13
Country Caramelized Pecan Pie,Strawberry Rhubarb Pie,21
Classic Cinnamon Strawberry Pie,Chocolate Cream Pie,28
Classic Milk Custard Chocolate Pie,Sweet Potato Pie,25
Delicious Wild Lemon Pie,Chocolate Cream Pie,13
Golden Tangy Custard Banana Pie,Chocolate Cream Pie,25
Spiced Fudge Cream Cocoa Pie,Cherry Pie,28
Golden Black Lime Pie,Chocolate Cream Pie,15
Classic Sweet Rhubarb Pie,Coconut Cream Pie,20
Country Milk Cream Chocolate Pie,Blueberry Pie,14
Double Spiced Sweet Potato Pie,Coconut Cream Pie,22
Country Farm Strawberry Pie,Pumpkin Pie,28
Rich Caramel Rhubarb Pie,Apple Pie,13
Holiday Cinnamon Blueberry Pie,Blueberry Pie,19
Country Maple Sweet Potato Pie,Cherry Pie,22
Sweet Baked Coconut Pie,Strawberry Rhubarb Pie,21
Summer Dark Meringue Chocolate Pie,Lemon Meringue Pie,20
Golden Fudge Meringue Cocoa Pie,Key Lime Pie,17
Sweet Tropical Apple Pie,Pumpkin Pie,22
Winter Tropical Meringue Coconut Pie,Sweet Potato Pie,15
Country Florida Apple Pie,Lemon Meringue Pie,14
Creamy Southern Walnut Pie,Apple Pie,21
Country Cinnamon Cherry Pie,Sweet Potato Pie,25
Rich Spiced Pumpkin Pie,Blueberry Pie,28
Spiced Summer Strawberry Rhubarb Pie,Lemon Meringue Pie,15
Tart Sour Cherry Pie,Chocolate Cream Pie,22
Double Sunburst Cream Strawberry Pie,Cherry Pie,20
Spiced Sweet Rhubarb Pie,Coconut Cream Pie,25
Summer Caramel Banana Pie,Pecan Pie,20
Delicious Spiced Sweet Potato Pie,Pumpkin Pie,17
Rustic Classic Meringue Lime Pie,Banana Cream Pie,16
Creamy Black Banana Pie,Pumpkin Pie,13
Delicious Caramel Blueberry Pie,Banana Cream Pie,22
Rustic Southern Pecan Pie,Pecan Pie,14
Sweet Sweet Rhubarb Pie,Key Lime Pie,25
Golden Florida Blueberry Pie,Blueberry Pie,19
Summer Mountain Apple Pie,Strawberry Rhubarb Pie,20
Winter Maple Pumpkin Pie,Pumpkin Pie,18
Golden Farm Strawberry Pie,Strawberry Rhubarb Pie,22
Delicious Flaked Custard Blueberry Pie,Key Lime Pie,21
Double Milk Chocolate Chocolate Pie,Apple Pie,21
Country Caramel Lemon Pie,Blueberry Pie,14
Country Black Banana Pie,Sweet Potato Pie,20
Sweet Southern Almond Pie,Blueberry Pie,19
Golden Tropical Custard Apple Pie,Cherry Pie,20
Golden Caramelized Almond Pie,Blueberry Pie,18
Creamy Caramelized Walnut Pie,Apple Pie,15
Country Dark Chocolate Cocoa Pie,Key Lime Pie,13
Country Milk Custard Cocoa Pie,Apple Pie,17
Country Flaked Chocolate Rhubarb Pie,Key Lime Pie,25
Rustic Sunburst Cream Lime Pie,Coconut Cream Pie,25
Classic Fluffy Custard Apple Pie,Banana Cream Pie,15
Golden Tart Strawberry Rhubarb Pie,Chocolate Cream Pie,21
Spiced Florida Banana Pie,Key Lime Pie,16
Winter Caramelized Pecan Pie,Apple Pie,19
Rustic Caramel Blueberry Pie,Lemon Meringue Pie,13
Double Classic Chocolate Apple Pie,Sweet Potato Pie,17
Double Fluffy Custard Lime Pie,Apple Pie,14
Summer Sweet Cherry Pie,Coconut Cream Pie,14
Creamy Cinnamon Rhubarb Pie,Strawberry Rhubarb Pie,20
Golden Milk Meringue Chocolate Pie,Coconut Cream Pie,15
Winter Spiced Pumpkin Pie,Pecan Pie,13
Rustic Cinnamon Banana Pie,Key Lime Pie,15
Double Silky Cream Cherry Pie,Banana Cream Pie,21
Country Fluffy Chocolate Apple Pie,Strawberry Rhubarb Pie,13
Summer Tart Rhubarb Pie,Apple Pie,16
Sweet Cinnamon Lemon Pie,Lemon Meringue Pie,16
Winter Fudge Chocolate Chocolate Pie,Key Lime Pie,14
Summer Caramelized Pecan Pie,Pumpkin Pie,19
Sweet Maple Almond Pie,Coconut Cream Pie,21
Winter Southern Sweet Potato Pie,Key Lime Pie,15
Holiday Toasted Chocolate Strawberry Pie,Banana Cream Pie,25
Classic Tropical Custard Apple Pie,Lemon Meringue Pie,13
Creamy Sweet Strawberry Pie,Cherry Pie,17
Summer Harvest Pumpkin Pie,Pecan Pie,14
Golden Dark Chocolate Cocoa Pie,Blueberry Pie,16
Summer Spiced Sweet Potato Pie,Banana Cream Pie,25
Creamy Southern Pumpkin Pie,Coconut Cream Pie,21
Tart Silky Custard Lemon Pie,Sweet Potato Pie,28
Country Fudge Custard Chocolate Pie,Apple Pie,21
Double Cinnamon Strawberry Pie,Lemon Meringue Pie,16
Rustic Farm Banana Pie,Sweet Potato Pie,16
Rustic Cinnamon Strawberry Pie,Apple Pie,17
Classic Sweet Strawberry Pie,Sweet Potato Pie,19
Golden Candied Pumpkin Pie,Coconut Cream Pie,20
Creamy Toasted Chocolate Rhubarb Pie,Coconut Cream Pie,20
Classic Caramelized Almond Pie,Coconut Cream Pie,17
Delicious Mountain Strawberry Pie,Pumpkin Pie,15
Country Classic Chocolate Coconut Pie,Chocolate Cream Pie,16
Double Florida Lime Pie,Key Lime Pie,16
Sweet Fudge Chocolate Chocolate Pie,Strawberry Rhubarb Pie,21
Spiced Southern Sweet Potato Pie,Chocolate Cream Pie,22
Rustic Black Banana Pie,Strawberry Rhubarb Pie,14
Rustic Flaked Chocolate Lemon Pie,Key Lime Pie,16
Creamy Sweet Cherry Pie,Apple Pie,15
Double Spiced Pumpkin Pie,Cherry Pie,13
Tart Black Coconut Pie,Coconut Cream Pie,16
Double Maple Sweet Potato Pie,Strawberry Rhubarb Pie,19
Holiday Sunburst Cream Apple Pie,Pecan Pie,14
Tart Sweet Blueberry Pie,Pecan Pie,13
Golden Maple Pumpkin Pie,Cherry Pie,25
Creamy Farm Rhubarb Pie,Lemon Meringue Pie,22
Holiday Maple Pecan Pie,Cherry Pie,18
Rustic Spiced Sweet Potato Pie,Coconut Cream Pie,17
Sweet Fluffy Cream Rhubarb Pie,Banana Cream Pie,18
Classic Southern Pecan Pie,Pecan Pie,25
Rich Tropical Custard Blueberry Pie,Sweet Potato Pie,15
Creamy Caramelized Meringue Strawberry Pie,Cherry Pie,17
Delicious Summer Strawberry Rhubarb Pie,Cherry Pie,16
Sweet Zesty Rhubarb Pie,Banana Cream Pie,15
Delicious Tangy Custard Strawberry Pie,Lemon Meringue Pie,20
Rustic Maple Walnut Pie,Pumpkin Pie,19
Winter Summer Rhubarb Pie,Coconut Cream Pie,28
Creamy Spiced Sweet Potato Pie,Pecan Pie,20
Rustic Southern Sweet Potato Pie,Key Lime Pie,20
Tart Caramel Lime Pie,Strawberry Rhubarb Pie,15
Rich Cinnamon Banana Pie,Sweet Potato Pie,14
Rich Fluffy Cream Coconut Pie,Pecan Pie,14
Sweet Dark Chocolate Chocolate Pie,Key Lime Pie,25
Holiday Mountain Blueberry Pie,Pumpkin Pie,13
Spiced Dark Cream Chocolate Pie,Pumpkin Pie,17
Holiday Dark Cream Chocolate Pie,Blueberry Pie,22
Sweet Southern Almond Pie,Pecan Pie,19
Delicious Baked Rhubarb Pie,Blueberry Pie,19
Golden Black Rhubarb Pie,Pumpkin Pie,25
Spiced Tangy Cream Strawberry Pie,Banana Cream Pie,13
Rich Tropical Chocolate Cherry Pie,Banana Cream Pie,19
Double Harvest Pumpkin Pie,Apple Pie,19
Spiced Sunburst Custard Blueberry Pie,Banana Cream Pie,22
Country Summer Strawberry Pie,Banana Cream Pie,28
Golden Mountain Apple Pie,Sweet Potato Pie,14
Golden Maple Pumpkin Pie,Sweet Potato Pie,13
Delicious Spiced Pumpkin Pie,Apple Pie,25
Double Silky Chocolate Rhubarb Pie,Pecan Pie,17
Tart Candied Sweet Potato Pie,Coconut Cream Pie,18
Creamy Tropical Chocolate Blueberry Pie,Coconut Cream Pie,19
Sweet Fudge Custard Chocolate Pie,Key Lime Pie,18
Delicious Maple Pecan Pie,Banana Cream Pie,15
Rich Southern Pecan Pie,Key Lime Pie,22
Rustic Sweet Lime Pie,Strawberry Rhubarb Pie,16
