food catalog number,food item,category,ascorbic acid (mg/100g)
1001,Apple,Fruit,7
1002,Banana,Fruit,8.7
1003,Carrot,Vegetable,9.3
1004,Spinach,Vegetable,28
1005,Chicken Breast,Meat,0
1006,Salmon,Fish,0
1007,Almonds,Nuts,0
1008,Oats,Grains,0
1009,Milk,Dairy,1
1010,Cheese,Dairy,0
1011,Broccoli,Vegetable,89.2
1012,Beef,Meat,0
1013,Shrimp,Fish,0
1014,Peanuts,Nuts,0
1015,Rice,Grains,0
1016,Yogurt,Dairy,1
1017,Orange,Fruit,53.2
1018,Potato,Vegetable,19.7
1019,Pork,Meat,0
1020,Tuna,Fish,0
1021,Strawberries,Fruit,58.8
1022,Grapes,Fruit,3.6
1023,Cucumber,Vegetable,2.8
1024,Bell Pepper,Vegetable,80.4
1025,Turkey Breast,Meat,0
1026,Cod,Fish,0
1027,Walnuts,Nuts,1.3
1028,Quinoa,Grains,0
1029,Soy Milk,Dairy,1
1030,Cottage Cheese,Dairy,0
1031,Cauliflower,Vegetable,48.2
1032,Lamb,Meat,0
1033,Crab,Fish,0
1034,Cashews,Nuts,0.5
1035,Barley,Grains,0
1036,Kefir,Dairy,2
1037,Kiwi,Fruit,92.7
1038,Sweet Potato,Vegetable,2.4
1039,Duck,Meat,0
1040,Herring,Fish,0
1041,Blueberries,Fruit,9.7
1042,Asparagus,Vegetable,5.6
1043,Rabbit,Meat,0
1044,Mussels,Fish,0
1045,Hazelnuts,Nuts,6.3
1046,Rye,Grains,0
1047,Buttermilk,Dairy,2
1048,Lemon,Fruit,53
1049,Radish,Vegetable,14.8
1050,Goat Meat,Meat,0
1051,Sardines,Fish,0
1052,Pistachios,Nuts,5.6
1053,Corn,Grains,6.8
1054,Sour Cream,Dairy,0.3
1055,Lime,Fruit,29.1
1056,Celery,Vegetable,8
1057,Venison,Meat,0
1058,Anchovies,Fish,0
1059,Brazil Nuts,Nuts,0.7
1060,Millet,Grains,0
1061,Cream,Dairy,0.6
1062,Grapefruit,Fruit,31.2
1063,Beets,Vegetable,4.9
1064,Buffalo Meat,Meat,0
1065,Trout,Fish,0
1066,Macadamia Nuts,Nuts,1.2
1067,Sorghum,Grains,0
1068,Evaporated Milk,Dairy,1
1069,Mango,Fruit,36.4
1070,Onion,Vegetable,7.4
1071,Goose Meat,Meat,0
1072,Halibut,Fish,0
1073,Chestnuts,Nuts,17.8
1074,Teff,Grains,0
1075,Condensed Milk,Dairy,1
1076,Papaya,Fruit,60.9
1077,Garlic,Vegetable,31.2
1078,Quail Meat,Meat,0
1079,Swordfish,Fish,0
1080,Pine Nuts,Nuts,0.8
1081,Wild Rice,Grains,0
1082,Ice Cream,Dairy,0.4
1083,Cranberries,Fruit,13.3
1084,Green Beans,Vegetable,12.2
1085,Pheasant Meat,Meat,0
1086,Mackerel,Fish,0
1087,Sunflower Seeds,Nuts,0
1088,Buckwheat,Grains,0
1089,Whey Protein,Dairy,0
1090,Pomegranate,Fruit,10.2
1091,Eggplant,Vegetable,2.2
1092,Guinea Fowl,Meat,0
1093,Catfish,Fish,0
1094,Pumpkin Seeds,Nuts,0.3
1095,Amaranth,Grains,0
1096,Ricotta Cheese,Dairy,0.2
1097,Raspberries,Fruit,26.2
1098,Zucchini,Vegetable,17.9
1099,Veal,Meat,0
1100,Tilapia,Fish,0
1101,Blackberries,Fruit,21
1102,Artichoke,Vegetable,11.7
1103,Partridge Meat,Meat,0
1104,Pollock,Fish,0
1105,Watermelon,Fruit,8.1
1106,Brussels Sprouts,Vegetable,85
1107,Squid,Fish,0
1108,Cantaloupe,Fruit,36.7
1109,Kale,Vegetable,120
1110,Octopus,Fish,0
1111,Pear,Fruit,4.3
1112,Leek,Vegetable,12
1113,Clams,Fish,0
1114,Plum,Fruit,9.5
1115,Turnip,Vegetable,21
1116,Oysters,Fish,0
1117,Apricot,Fruit,10
1118,Parsnip,Vegetable,17
1119,Lobster,Fish,0
1120,Peach,Fruit,6.6
1121,Collard Greens,Vegetable,35
1122,Scallops,Fish,0
1123,Cherries,Fruit,7
1124,Fennel,Vegetable,12
1125,Abalone,Fish,0
1126,Avocado,Fruit,10
1127,Bok Choy,Vegetable,45
1128,Sea Bass,Fish,0
1129,Guava,Fruit,228
1130,Endive,Vegetable,6.5
1131,Monkfish,Fish,0
1132,Passion Fruit,Fruit,30
1133,Daikon,Vegetable,22
1134,Snapper,Fish,0
1135,Lychee,Fruit,31
1136,Kohlrabi,Vegetable,62
1137,Grouper,Fish,0
1138,Rambutan,Fruit,4.9
1139,Ginger,Vegetable,5
1140,Haddock,Fish,0
1141,Starfruit,Fruit,34.7
1142,Shallots,Vegetable,12
1143,Pike,Fish,0
1144,Persimmon,Fruit,7.5
1145,Horseradish,Vegetable,25
1146,Sole,Fish,0
1147,Quince,Fruit,15
